{"local_publish_data":{"location":"C:\\xampp\\htdocs\\bv\\18859_banners\\160x600\\BV_160\\","name":"BV_160","minify":true,"inline_files":true,"create_zip":true,"polite_load":true,"export_mozilla":true,"export_no_prefix":true,"unpack_groups":true,"add_border":false,"use_light_border":false},"library_state":{},"studio_publish_data":{"inline_files":true,"polite_load":true},"drive_publish_data":{"name":"BV_160","minify":true,"inline_files":true,"create_zip":null,"polite_load":true,"export_mozilla":true,"export_no_prefix":true,"unpack_groups":true,"add_border":false,"use_light_border":false,"location":""}}